img-302.png,maj_b
img-301.png,maj_b
img-10239.png,s
img-9985.png,s
img-9972.png,s
img-14813.png,s
img-2408.png,s
img-10182.png,s
img-14815.png,s
img-198.png,s
img-10031.png,s
img-13028.png,s
img-10052.png,s
img-9944.png,s
img-9945.png,s
img-2597.png,s
img-9978.png,s
img-1604.png,s
img-10056.png,s
img-10152.png,s
img-15116.png,s
img-10185.png,s
img-990.png,s
img-16106.png,maj_y
img-15210.png,l
img-3818.png,l
img-4637.png,l
img-4554.png,l
img-11111.png,l
img-16354.png,l
img-6186.png,l
img-4153.png,l
img-4746.png,l
img-16327.png,l
img-12784.png,l
img-4224.png,l
img-12637.png,l
img-3566.png,l
img-12805.png,l
img-14466.png,l
img-4793.png,l
img-1686.png,l
img-15880.png,l
img-12800.png,l
img-13530.png,l
img-4136.png,l
img-4197.png,l
img-10753.png,l
img-1666.png,l
img-12186.png,l
img-6289.png,l
img-11059.png,l
img-4782.png,l
img-15844.png,l
img-6220.png,l
img-13577.png,l
img-12247.png,l
img-2087.png,l
img-12808.png,l
img-4230.png,l
img-15208.png,l
img-12269.png,l
img-1261.png,l
img-14037.png,l
img-14492.png,l
img-6234.png,l
img-16182.png,l
img-12214.png,l
img-4259.png,l
img-11051.png,l
img-2731.png,l
img-1673.png,l
img-4754.png,l
img-14467.png,l
img-4331.png,l
img-4514.png,l
img-13614.png,l
img-12242.png,l
img-12794.png,l
img-14036.png,l
img-4227.png,l
img-12130.png,l
img-683.png,l
img-13588.png,l
img-12125.png,l
img-16339.png,l
img-4717.png,l
img-1311.png,l
img-4778.png,l
img-15170.png,l
img-10655.png,l
img-6192.png,l
img-3132.png,l
img-4523.png,l
img-12245.png,l
img-12790.png,l
img-13599.png,l
img-1533.png,l
img-4142.png,l
img-15143.png,l
img-4970.png,l
img-6221.png,l
img-16321.png,l
img-15908.png,l
img-12195.png,l
img-12625.png,l
img-12816.png,l
img-1074.png,l
img-3823.png,l
img-1339.png,l
img-2645.png,l
img-12162.png,l
img-4235.png,l
img-15300.png,l
img-1672.png,l
img-12772.png,l
img-15845.png,l
img-4811.png,l
img-3659.png,l
img-2542.png,l
img-12192.png,l
img-13607.png,l
img-6209.png,l
img-15748.png,l
img-3638.png,l
img-12612.png,l
img-4145.png,l
img-4740.png,l
img-1660.png,l
img-2743.png,l
img-4299.png,l
img-249.png,l
img-13629.png,l
img-12150.png,l
img-11065.png,l
img-12135.png,l
img-4546.png,l
img-6278.png,l
img-4735.png,l
img-4551.png,l
img-4688.png,l
img-14619.png,l
img-15217.png,l
img-4583.png,l
img-2652.png,l
img-15180.png,l
img-12230.png,l
img-16311.png,l
img-12085.png,l
img-15923.png,l
img-7471.png,l
img-14050.png,l
img-16309.png,l
img-11682.png,&
img-13903.png,&
img-13914.png,&
img-2281.png,&
img-11717.png,&
img-11694.png,&
img-11710.png,&
img-6442.png,m
img-4456.png,m
img-1289.png,m
img-1305.png,m
img-1598.png,m
img-12531.png,m
img-12495.png,m
img-14146.png,m
img-12556.png,m
img-12318.png,m
img-2609.png,m
img-12527.png,m
img-1465.png,m
img-12295.png,m
img-12344.png,m
img-12432.png,m
img-4454.png,m
img-12439.png,m
img-16313.png,m
img-4408.png,m
img-4450.png,m
img-4381.png,m
img-12320.png,m
img-12579.png,m
img-4344.png,m
img-2378.png,m
img-12526.png,m
img-4460.png,m
img-12491.png,m
img-4442.png,m
img-4432.png,m
img-3244.png,m
img-15103.png,m
img-3982.png,m
img-1275.png,m
img-12571.png,m
img-12381.png,m
img-12393.png,m
img-4347.png,m
img-13647.png,m
img-4353.png,m
img-12558.png,m
img-12388.png,m
img-12413.png,m
img-14150.png,m
img-12485.png,m
img-11449.png,t
img-9813.png,t
img-9699.png,t
img-9762.png,t
img-11312.png,t
img-9717.png,t
img-9854.png,t
img-11403.png,t
img-11264.png,t
img-11528.png,t
img-11330.png,t
img-9799.png,t
img-11405.png,t
img-9931.png,t
img-11504.png,t
img-5937.png,t
img-6025.png,t
img-9925.png,t
img-11329.png,t
img-9764.png,t
img-11536.png,t
img-11470.png,t
img-3329.png,t
img-9754.png,t
img-11522.png,t
img-11461.png,t
img-11360.png,t
img-3349.png,t
img-16084.png,t
img-9775.png,t
img-11407.png,t
img-11443.png,t
img-9850.png,t
img-9840.png,t
img-9821.png,t
img-5955.png,t
img-11372.png,t
img-9796.png,t
img-3480.png,t
img-3983.png,t
img-5936.png,t
img-9842.png,t
img-5922.png,t
img-5029.png,t
img-11494.png,t
img-15563.png,t
img-5030.png,t
img-9728.png,t
img-9882.png,t
img-5934.png,t
img-3330.png,t
img-9407.png,t
img-11428.png,t
img-9853.png,t
img-11366.png,t
img-11279.png,t
img-9869.png,t
img-9825.png,t
img-5986.png,t
img-11458.png,t
img-481.png,t
img-11512.png,t
img-9837.png,t
img-482.png,t
img-2906.png,t
img-1772.png,t
img-2630.png,beta
img-14219.png,beta
img-2733.png,maj_l
img-14236.png,maj_l
img-163.png,maj_l
img-1738.png,ab
img-13840.png,y
img-10137.png,maj_s
img-15270.png,maj_s
img-10173.png,maj_s
img-10204.png,maj_s
img-10158.png,maj_s
img-2191.png,vs
img-3954.png,maj_e
img-2399.png,maj_e
img-2441.png,maj_e
img-10907.png,ae
img-10959.png,ae
img-2205.png,ae
img-44.png,ae
img-31.png,ae
img-10915.png,ae
img-471.png,ae
img-14385.png,ae
img-10952.png,ae
img-10939.png,ae
img-443.png,ae
img-1061.png,ae
img-2206.png,ae
img-1472.png,ae
img-2196.png,ae
img-16143.png,f
img-15789.png,f
img-15788.png,f
img-15703.png,f
img-15823.png,f
img-14243.png,f
img-15705.png,f
img-14902.png,f
img-1266.png,f
img-16168.png,f
img-15809.png,f
img-15397.png,f
img-14939.png,f
img-1868.png,f
img-14883.png,f
img-15822.png,f
img-15791.png,f
img-16152.png,f
img-15704.png,f
img-14908.png,f
img-15372.png,f
img-14920.png,f
img-14246.png,f
img-5.png,f
img-14906.png,f
img-15787.png,f
img-14923.png,f
img-1189.png,f
img-15799.png,f
img-2693.png,accolade
img-15879.png,ff
img-14022.png,ff
img-14445.png,ff
img-14865.png,ff
img-14443.png,ff
img-298.png,maj_a
img-6252.png,1
img-3850.png,1
img-4701.png,1
img-1876.png,1
img-2593.png,1
img-12180.png,1
img-4132.png,1
img-15205.png,1
img-6275.png,1
img-4690.png,1
img-14681.png,1
img-4649.png,1
img-4488.png,1
img-6293.png,1
img-4669.png,1
img-4469.png,1
img-10755.png,1
img-4916.png,1
img-4241.png,1
img-15198.png,1
img-15183.png,1
img-14289.png,1
img-4852.png,1
img-4848.png,1
img-3844.png,1
img-4493.png,1
img-4242.png,1
img-11759.png,1
img-4343.png,1
img-12287.png,1
img-14277.png,1
img-15197.png,1
img-14454.png,1
img-11102.png,1
img-14285.png,1
img-4534.png,1
img-14504.png,1
img-16337.png,1
img-4482.png,1
img-11104.png,1
img-4902.png,1
img-16055.png,1
img-4898.png,1
img-4907.png,1
img-8097.png,c
img-3077.png,c
img-3448.png,c
img-8191.png,c
img-8919.png,c
img-132.png,c
img-8122.png,c
img-8345.png,c
img-8380.png,c
img-8904.png,c
img-8436.png,c
img-8136.png,c
img-8352.png,c
img-3087.png,c
img-16078.png,c
img-8423.png,c
img-8231.png,c
img-8308.png,c
img-8221.png,c
img-8236.png,c
img-8432.png,c
img-2344.png,c
img-8325.png,c
img-8331.png,c
img-8422.png,c
img-8910.png,c
img-8233.png,c
img-466.png,c
img-8113.png,c
img-3944.png,c
img-8440.png,c
img-3089.png,c
img-8232.png,c
img-15544.png,ft
img-26.png,ft
img-2431.png,ft
img-11666.png,ft
img-22.png,ft
img-11662.png,ft
img-15.png,ft
img-14867.png,ft
img-11675.png,ft
img-1921.png,point
img-1995.png,point
img-1983.png,point
img-1981.png,point
img-712.png,point
img-665.png,point
img-869.png,point
img-695.png,point
img-713.png,point
img-1358.png,point
img-1363.png,point
img-1897.png,point
img-701.png,point
img-705.png,point
img-704.png,point
img-3515.png,point
img-1900.png,point
img-1986.png,point
img-3511.png,point
img-1322.png,maj_v
img-10999.png,p
img-10332.png,p
img-16191.png,p
img-8938.png,p
img-8031.png,p
img-8051.png,p
img-6905.png,p
img-10998.png,p
img-10373.png,p
img-403.png,p
img-10370.png,p
img-8020.png,p
img-10355.png,p
img-10364.png,p
img-10358.png,p
img-8024.png,p
img-10351.png,p
img-2372.png,p
img-11006.png,p
img-7979.png,p
img-6898.png,p
img-8052.png,p
img-278.png,maj_r
img-261.png,maj_n
img-1506.png,maj_n
img-2433.png,maj_n
img-2336.png,maj_i
img-5367.png,e
img-13705.png,e
img-8496.png,e
img-15011.png,e
img-8693.png,e
img-463.png,e
img-8648.png,e
img-3010.png,e
img-5372.png,e
img-5088.png,e
img-8475.png,e
img-8691.png,e
img-2959.png,e
img-5099.png,e
img-14590.png,e
img-5409.png,e
img-5265.png,e
img-8509.png,e
img-3006.png,e
img-5075.png,e
img-8726.png,e
img-3002.png,e
img-14586.png,e
img-5300.png,e
img-8485.png,e
img-8256.png,e
img-8488.png,e
img-5361.png,e
img-8624.png,e
img-13685.png,e
img-8810.png,e
img-8241.png,e
img-660.png,e
img-13662.png,e
img-8859.png,e
img-8637.png,e
img-8791.png,e
img-5416.png,e
img-5373.png,e
img-5161.png,e
.DS_Store,e
img-13725.png,e
img-5172.png,e
img-2964.png,e
img-5406.png,e
img-13665.png,e
img-8319.png,e
img-5207.png,e
img-5170.png,e
img-13690.png,e
img-15009.png,e
img-16034.png,e
img-5111.png,e
img-16026.png,e
img-14569.png,e
img-8679.png,e
img-8806.png,e
img-14579.png,e
img-2172.png,e
img-5074.png,e
img-8660.png,e
img-5371.png,e
img-13739.png,e
img-887.png,e
img-3410.png,e
img-5379.png,e
img-14357.png,e
img-5276.png,e
img-8741.png,e
img-8746.png,e
img-15017.png,e
img-1498.png,e
img-2985.png,e
img-3415.png,e
img-8663.png,e
img-656.png,e
img-3326.png,maj_d
img-1698.png,fe
img-10295.png,er
img-10283.png,er
img-14948.png,er
img-15955.png,er
img-612.png,fer
img-1514.png,int
img-101.png,int
img-13012.png,int
img-3470.png,int
img-2482.png,int
img-2870.png,int
img-11229.png,ni
img-2401.png,maj_m
img-564.png,d
img-11940.png,d
img-11924.png,d
img-3177.png,d
img-2556.png,d
img-11853.png,d
img-11909.png,d
img-11886.png,d
img-14118.png,d
img-14078.png,d
img-12042.png,d
img-11770.png,d
img-11939.png,d
img-11809.png,d
img-11952.png,d
img-11919.png,d
img-14114.png,d
img-11944.png,d
img-11855.png,d
img-11866.png,d
img-14081.png,d
img-14141.png,d
img-11953.png,d
img-2251.png,d
img-11937.png,d
img-11925.png,d
img-11774.png,d
img-12016.png,d
img-14097.png,d
img-14079.png,d
img-11896.png,d
img-12001.png,d
img-14130.png,d
img-11993.png,d
img-12023.png,d
img-14088.png,d
img-12018.png,d
img-11880.png,d
img-1501.png,d
img-11908.png,d
img-15339.png,fi
img-820.png,fi
img-1478.png,6
img-3102.png,6
img-2185.png,ln
img-2518.png,fp
img-15431.png,virgule
img-2768.png,virgule
img-1104.png,virgule
img-85.png,virgule
img-6783.png,virgule
img-6683.png,virgule
img-2632.png,virgule
img-3050.png,virgule
img-14961.png,virgule
img-3289.png,virgule
img-6793.png,virgule
img-3277.png,virgule
img-6655.png,virgule
img-3311.png,virgule
img-6647.png,virgule
img-3264.png,virgule
img-3265.png,virgule
img-6694.png,virgule
img-6691.png,virgule
img-6720.png,virgule
img-6721.png,virgule
img-3272.png,virgule
img-15426.png,virgule
img-6755.png,virgule
img-10425.png,o
img-10625.png,o
img-10524.png,o
img-6590.png,o
img-6505.png,o
img-10609.png,o
img-15075.png,o
img-10587.png,o
img-10492.png,o
img-12977.png,o
img-12998.png,o
img-10490.png,o
img-15362.png,o
img-15356.png,o
img-149.png,o
img-12994.png,o
img-6593.png,o
img-2032.png,o
img-12874.png,o
img-12834.png,o
img-276.png,o
img-13003.png,o
img-6522.png,o
img-3926.png,o
img-6569.png,o
img-10409.png,o
img-10628.png,o
img-10624.png,o
img-12963.png,o
img-6550.png,o
img-13884.png,o
img-10592.png,o
img-6554.png,o
img-12822.png,o
img-6545.png,o
img-10416.png,o
img-277.png,o
img-12864.png,o
img-10408.png,o
img-12835.png,o
img-10493.png,o
img-10615.png,o
img-6511.png,o
img-12969.png,o
img-10451.png,o
img-12966.png,o
img-562.png,o
img-10418.png,o
img-12838.png,o
img-3908.png,o
img-10546.png,o
img-3913.png,o
img-6646.png,o
img-10578.png,o
img-12989.png,o
img-10427.png,o
img-12837.png,o
img-15360.png,o
img-11843.png,dd
img-1763.png,2
img-1511.png,2
img-12719.png,unknown
img-12650.png,unknown
img-12610.png,unknown
img-12599.png,unknown
img-12598.png,unknown
img-12798.png,unknown
img-12765.png,unknown
img-12681.png,unknown
img-15235.png,unknown
img-12758.png,unknown
img-15750.png,unknown
img-12694.png,unknown
img-12684.png,unknown
img-9581.png,a
img-9513.png,a
img-9689.png,a
img-9671.png,a
img-5558.png,a
img-629.png,a
img-5575.png,a
img-5878.png,a
img-14650.png,a
img-6880.png,a
img-9673.png,a
img-5820.png,a
img-5759.png,a
img-5506.png,a
img-13471.png,a
img-5795.png,a
img-6863.png,a
img-5554.png,a
img-6868.png,a
img-16292.png,a
img-9621.png,a
img-2915.png,a
img-9603.png,a
img-5614.png,a
img-5555.png,a
img-9472.png,a
img-5897.png,a
img-5602.png,a
img-5893.png,a
img-5667.png,a
img-9648.png,a
img-9498.png,a
img-5705.png,a
img-5754.png,a
img-16270.png,a
img-572.png,a
img-5806.png,a
img-5612.png,a
img-16266.png,a
img-5826.png,a
img-5853.png,a
img-5659.png,a
img-5510.png,a
img-362.png,a
img-5598.png,a
img-13472.png,a
img-891.png,a
img-9477.png,a
img-9622.png,a
img-5621.png,a
img-5856.png,a
img-5796.png,a
img-6875.png,a
img-2916.png,a
img-5514.png,a
img-5811.png,a
img-9660.png,a
img-13470.png,a
img-14652.png,a
img-13498.png,a
img-15890.png,a
img-5761.png,a
img-9437.png,a
img-5881.png,a
img-5529.png,a
img-1310.png,a
img-10344.png,map_p
img-15140.png,maj_g
img-3405.png,v
img-9812.png,rt
img-13917.png,r
img-9190.png,r
img-9386.png,r
img-9193.png,r
img-9161.png,r
img-9273.png,r
img-9113.png,r
img-9261.png,r
img-9060.png,r
img-9302.png,r
img-2526.png,r
img-9151.png,r
img-9358.png,r
img-13549.png,r
img-1503.png,r
img-9262.png,r
img-9075.png,r
img-9104.png,r
img-310.png,r
img-9148.png,r
img-5472.png,r
img-9260.png,r
img-9365.png,r
img-13994.png,r
img-2584.png,r
img-9191.png,r
img-13956.png,r
img-9388.png,r
img-13514.png,r
img-9299.png,r
img-15604.png,r
img-9373.png,r
img-9112.png,r
img-2819.png,r
img-9363.png,r
img-9203.png,r
img-13531.png,r
img-14330.png,g
img-14323.png,g
img-14344.png,g
img-248.png,g
img-14318.png,tu
img-14314.png,tu
img-1946.png,@
img-3130.png,@
img-601.png,@
img-457.png,@
img-2244.png,@
img-13558.png,@
img-615.png,@
img-16123.png,@
img-1228.png,@
img-955.png,@
img-14685.png,@
img-2775.png,@
img-2810.png,@
img-2291.png,@
img-2159.png,@
img-488.png,@
img-15249.png,@
img-3205.png,@
img-934.png,@
img-16064.png,@
img-216.png,@
img-3215.png,@
img-461.png,@
img-3.png,@
img-1072.png,@
img-15979.png,@
img-1028.png,@
img-1892.png,@
img-14705.png,@
img-15991.png,@
img-2414.png,@
img-2863.png,@
img-7789.png,j
img-11188.png,h
img-1048.png,h
img-6972.png,u
img-1389.png,u
img-7035.png,u
img-6934.png,u
img-670.png,u
img-7338.png,u
img-7619.png,u
img-7822.png,u
img-7573.png,u
img-6916.png,u
img-16068.png,u
img-7689.png,u
img-7818.png,u
img-7895.png,u
img-7802.png,u
img-7716.png,u
img-15507.png,u
img-7305.png,u
img-6913.png,u
img-7410.png,u
img-7827.png,u
img-4059.png,u
img-7824.png,u
img-7003.png,u
img-4041.png,u
img-7004.png,u
img-15471.png,u
img-7676.png,u
img-7403.png,u
img-7209.png,u
img-7880.png,u
img-7058.png,u
img-7820.png,u
img-7890.png,u
img-7102.png,u
img-7073.png,u
img-7367.png,u
img-7329.png,u
img-1241.png,u
img-7624.png,u
img-2800.png,u
img-7462.png,u
img-6974.png,u
img-7117.png,u
img-7765.png,u
img-4094.png,u
img-7063.png,u
img-7629.png,u
img-7039.png,u
img-14739.png,u
img-7005.png,u
img-7107.png,u
img-4051.png,u
img-7868.png,u
img-7167.png,u
img-7263.png,u
img-7427.png,u
img-14750.png,u
img-7704.png,u
img-4031.png,u
img-7415.png,u
img-7591.png,u
img-7784.png,u
img-7303.png,u
img-7739.png,u
img-14801.png,u
img-4058.png,u
img-14747.png,u
img-7854.png,u
img-7475.png,u
img-15510.png,u
img-4047.png,u
img-7365.png,u
img-910.png,u
img-14733.png,u
img-7517.png,u
img-7814.png,u
img-7932.png,u
img-14807.png,u
img-7299.png,u
img-7762.png,u
img-7819.png,u
img-7688.png,u
img-6108.png,q
img-721.png,q
img-759.png,q
img-6131.png,q
img-6084.png,q
img-6076.png,q
img-6115.png,q
img-6102.png,q
img-2561.png,n
img-13177.png,n
img-3776.png,n
img-13110.png,n
img-6347.png,n
img-2831.png,n
img-2456.png,n
img-13137.png,n
img-3799.png,n
img-13099.png,n
img-1836.png,n
img-4419.png,n
img-13159.png,n
img-13306.png,n
img-13074.png,n
img-3773.png,n
img-12555.png,n
img-13276.png,n
img-11600.png,n
img-13216.png,n
img-13271.png,n
img-13056.png,n
img-6309.png,n
img-325.png,n
img-11613.png,n
img-2182.png,n
img-13229.png,n
img-13349.png,n
img-13042.png,n
img-13259.png,n
img-5039.png,n
img-13207.png,n
img-3758.png,n
img-3765.png,n
img-2642.png,n
img-13094.png,n
img-13845.png,maj_x
img-13844.png,maj_x
img-401.png,maj_p
img-1956.png,us
img-2133.png,x
img-13798.png,x
img-2434.png,x
img-11244.png,al
img-10819.png,b
img-13445.png,b
img-13366.png,b
img-117.png,b
img-13438.png,b
img-10797.png,b
img-3014.png,b
img-13413.png,b
img-10810.png,b
img-11207.png,b
img-13377.png,b
img-10872.png,b
img-13406.png,b
